annotator_pair,total_comments,topic_selection_agreement,topic_selection_agreement_std,total_agreement_rate,total_agreement_rate_std,stance_direction_agreement
1-2,69,53.1815044858523,35.71387096640919,97.63908368396447,2.11957093717282,85.71428571428571
1-3,69,51.17954911433172,38.28790367034154,97.49883122954652,2.1888171876053537,78.82352941176471
1-4,69,47.33672124976473,33.68643827123986,97.12482468443197,2.968584921250593,92.5
2-3,69,58.816425120772955,42.13227908819422,98.29359513791492,2.1426466606883574,86.36363636363636
2-4,69,45.893719806763286,38.943970353621864,97.19495091164096,2.6856300357821548,96.0
3-4,69,61.169129487543806,36.826816230808845,98.05984104721833,2.5402950887138203,85.86956521739131
