annotator_pair,total_comments,basic_coverage_rate,basic_directional_rate,standard_jaccard_score,modified_jaccard_score,f1_score,topic_selection_agreement,topic_direction_agreement,avg_annotator1_topics,avg_annotator2_topics,avg_intersection_topics,avg_union_topics
1-2,69,1.9635343618513323,85.71428571428571,53.1815044858523,97.6390836839645,61.64759725400456,53.1815044858523,88.50732600732601,2.2028985507246377,1.6956521739130435,1.2173913043478262,2.681159420289855
1-3,69,1.986909770920991,78.82352941176471,51.17954911433172,97.49883122954657,58.14312901269423,51.17954911433172,77.71739130434781,1.8985507246376812,2.1159420289855073,1.2318840579710144,2.782608695652174
1-4,69,1.8700327255726974,92.5,47.33672124976472,97.12482468443201,56.73567977915803,47.33672124976472,92.20354808590102,1.9565217391304348,2.1449275362318843,1.1594202898550725,2.9420289855072466
2-3,69,1.5427769985974753,86.36363636363636,58.816425120772955,98.29359513791495,63.22291235334711,58.816425120772955,85.5072463768116,1.2028985507246377,1.7681159420289856,0.9565217391304348,2.0144927536231885
2-4,69,1.168770453482936,96.0,45.89371980676328,97.19495091164099,52.69841269841271,45.89371980676328,96.39639639639641,1.0144927536231885,2.1739130434782608,0.7246376811594203,2.463768115942029
3-4,69,2.1505376344086025,85.86956521739131,61.16912948754379,98.05984104721837,67.99735449735446,61.16912948754379,84.28085519922254,1.7246376811594204,2.1449275362318843,1.3333333333333333,2.536231884057971
